{
  "project_info": {
    "project_number": "81219487538",
    "firebase_url": "https://insta-clone-cd894-default-rtdb.firebaseio.com",
    "project_id": "insta-clone-cd894",
    "storage_bucket": "insta-clone-cd894.appspot.com"
  },
  "client": [
    {
      "client_info": {
        "mobilesdk_app_id": "1:81219487538:android:e3ef4a4f7e215ce8e2b92b",
        "android_client_info": {
          "package_name": "com.example.instaclone"
        }
      },
      "oauth_client": [],
      "api_key": [
        {
          "current_key": "AIzaSyDv5V9qVJ_Yy0diH1s9n5e2Mj2l7tz69Ks"
        }
      ],
      "services": {
        "appinvite_service": {
          "other_platform_oauth_client": []
        }
      }
    }
  ],
  "configuration_version": "1"
}